Entity,Code,Day,stay_home_requirements
Afghanistan,AFG,31/03/2020,2
Afghanistan,AFG,30/06/2020,2
Afghanistan,AFG,30/09/2020,0
Afghanistan,AFG,31/12/2020,0
Afghanistan,AFG,31/03/2021,0
Afghanistan,AFG,30/06/2021,0
Afghanistan,AFG,30/09/2021,0
Albania,ALB,31/03/2020,2
Albania,ALB,30/06/2020,1
Albania,ALB,30/09/2020,1
Albania,ALB,31/12/2020,2
Albania,ALB,31/03/2021,2
Albania,ALB,30/06/2021,2
Algeria,DZA,31/03/2020,3
Algeria,DZA,30/06/2020,2
Algeria,DZA,30/09/2020,2
Algeria,DZA,31/12/2020,2
Algeria,DZA,31/03/2021,2
Algeria,DZA,30/06/2021,2
Algeria,DZA,30/09/2021,2
Andorra,AND,31/03/2020,1
Andorra,AND,30/06/2020,1
Andorra,AND,30/09/2020,0
Andorra,AND,31/12/2020,0
Andorra,AND,31/03/2021,0
Andorra,AND,30/06/2021,0
Andorra,AND,30/09/2021,0
Angola,AGO,31/03/2020,2
Angola,AGO,30/06/2020,1
Angola,AGO,30/09/2020,1
Angola,AGO,31/12/2020,1
Angola,AGO,31/03/2021,2
Angola,AGO,30/06/2021,1
Angola,AGO,30/09/2021,1
Argentina,ARG,31/03/2020,3
Argentina,ARG,30/06/2020,2
Argentina,ARG,30/09/2020,2
Argentina,ARG,31/12/2020,2
Argentina,ARG,31/03/2021,2
Argentina,ARG,30/06/2021,2
Argentina,ARG,30/09/2021,2
Aruba,ABW,31/03/2020,2
Aruba,ABW,30/06/2020,1
Aruba,ABW,30/09/2020,2
Aruba,ABW,31/12/2020,1
Aruba,ABW,31/03/2021,2
Aruba,ABW,30/06/2021,0
Aruba,ABW,30/09/2021,0
Australia,AUS,31/03/2020,1
Australia,AUS,30/06/2020,0
Australia,AUS,30/09/2020,2
Australia,AUS,31/12/2020,2
Australia,AUS,31/03/2021,2
Australia,AUS,30/06/2021,2
Australia,AUS,30/09/2021,2
Austria,AUT,31/03/2020,2
Austria,AUT,30/06/2020,0
Austria,AUT,30/09/2020,1
Austria,AUT,31/12/2020,2
Austria,AUT,31/03/2021,2
Austria,AUT,30/06/2021,0
Austria,AUT,30/09/2021,0
Azerbaijan,AZE,31/03/2020,3
Azerbaijan,AZE,30/06/2020,3
Azerbaijan,AZE,30/09/2020,1
Azerbaijan,AZE,31/12/2020,2
Azerbaijan,AZE,31/03/2021,1
Azerbaijan,AZE,30/06/2021,1
Azerbaijan,AZE,30/09/2021,0
Bahamas,BHS,31/03/2020,2
Bahamas,BHS,30/06/2020,2
Bahamas,BHS,30/09/2020,2
Bahamas,BHS,31/12/2020,2
Bahamas,BHS,31/03/2021,2
Bahamas,BHS,30/06/2021,2
Bahamas,BHS,30/09/2021,2
Bahrain,BHR,31/03/2020,1
Bahrain,BHR,30/06/2020,1
Bahrain,BHR,30/09/2020,2
Bahrain,BHR,31/12/2020,1
Bahrain,BHR,31/03/2021,1
Bahrain,BHR,30/06/2021,1
Bahrain,BHR,30/09/2021,1
Bangladesh,BGD,31/03/2020,1
Bangladesh,BGD,30/06/2020,2
Bangladesh,BGD,30/09/2020,2
Bangladesh,BGD,31/12/2020,2
Bangladesh,BGD,31/03/2021,2
Bangladesh,BGD,30/06/2021,2
Bangladesh,BGD,30/09/2021,2
Barbados,BRB,31/03/2020,1
Barbados,BRB,30/06/2020,2
Barbados,BRB,30/09/2020,0
Barbados,BRB,31/12/2020,2
Barbados,BRB,31/03/2021,2
Barbados,BRB,30/06/2021,0
Barbados,BRB,30/09/2021,2
Belarus,BLR,31/03/2020,0
Belarus,BLR,30/06/2020,1
Belarus,BLR,30/09/2020,1
Belarus,BLR,31/12/2020,1
Belarus,BLR,31/03/2021,1
Belarus,BLR,30/06/2021,1
Belarus,BLR,30/09/2021,0
Belgium,BEL,31/03/2020,2
Belgium,BEL,30/06/2020,0
Belgium,BEL,30/09/2020,0
Belgium,BEL,31/12/2020,2
Belgium,BEL,31/03/2021,2
Belgium,BEL,30/06/2021,1
Belgium,BEL,30/09/2021,0
Belize,BLZ,31/03/2020,0
Belize,BLZ,30/06/2020,2
Belize,BLZ,30/09/2020,1
Belize,BLZ,31/12/2020,1
Belize,BLZ,31/03/2021,2
Belize,BLZ,30/06/2021,1
Belize,BLZ,30/09/2021,2
Benin,BEN,31/03/2020,0
Benin,BEN,30/06/2020,0
Benin,BEN,30/09/2020,0
Benin,BEN,31/12/2020,0
Benin,BEN,31/03/2021,0
Benin,BEN,30/06/2021,0
Benin,BEN,30/09/2021,1
Bermuda,BMU,31/03/2020,0
Bermuda,BMU,30/06/2020,2
Bermuda,BMU,30/09/2020,0
Bermuda,BMU,31/12/2020,2
Bermuda,BMU,31/03/2021,2
Bermuda,BMU,30/06/2021,0
Bermuda,BMU,30/09/2021,1
Bhutan,BTN,31/03/2020,1
Bhutan,BTN,30/06/2020,1
Bhutan,BTN,30/09/2020,2
Bhutan,BTN,31/12/2020,2
Bhutan,BTN,31/03/2021,1
Bhutan,BTN,30/06/2021,2
Bhutan,BTN,30/09/2021,1
Bolivia,BOL,31/03/2020,2
Bolivia,BOL,30/06/2020,2
Bolivia,BOL,30/09/2020,2
Bolivia,BOL,31/12/2020,1
Bolivia,BOL,31/03/2021,0
Bolivia,BOL,30/06/2021,2
Bolivia,BOL,30/09/2021,0
Bosnia and Herzegovina,BIH,31/03/2020,3
Bosnia and Herzegovina,BIH,30/06/2020,0
Bosnia and Herzegovina,BIH,30/09/2020,0
Bosnia and Herzegovina,BIH,31/12/2020,2
Bosnia and Herzegovina,BIH,31/03/2021,2
Bosnia and Herzegovina,BIH,30/06/2021,0
Bosnia and Herzegovina,BIH,30/09/2021,0
Botswana,BWA,31/03/2020,0
Botswana,BWA,30/06/2020,1
Botswana,BWA,30/09/2020,1
Botswana,BWA,31/12/2020,2
Botswana,BWA,31/03/2021,2
Botswana,BWA,30/06/2021,2
Botswana,BWA,30/09/2021,2
Brazil,BRA,31/03/2020,1
Brazil,BRA,30/06/2020,2
Brazil,BRA,30/09/2020,2
Brazil,BRA,31/12/2020,2
Brazil,BRA,31/03/2021,3
Brazil,BRA,30/06/2021,2
Brazil,BRA,30/09/2021,2
Brunei,BRN,31/03/2020,0
Brunei,BRN,30/06/2020,0
Brunei,BRN,30/09/2020,0
Brunei,BRN,31/12/2020,0
Brunei,BRN,31/03/2021,0
Brunei,BRN,30/06/2021,0
Brunei,BRN,30/09/2021,2
Bulgaria,BGR,31/03/2020,2
Bulgaria,BGR,30/06/2020,0
Bulgaria,BGR,30/09/2020,0
Bulgaria,BGR,31/12/2020,0
Bulgaria,BGR,31/03/2021,0
Bulgaria,BGR,30/06/2021,0
Bulgaria,BGR,30/09/2021,0
Burkina Faso,BFA,31/03/2020,2
Burkina Faso,BFA,30/06/2020,1
Burkina Faso,BFA,30/09/2020,0
Burkina Faso,BFA,31/12/2020,0
Burkina Faso,BFA,31/03/2021,0
Burkina Faso,BFA,30/06/2021,0
Burkina Faso,BFA,30/09/2021,0
Burundi,BDI,31/03/2020,0
Burundi,BDI,30/06/2020,0
Burundi,BDI,30/09/2020,0
Burundi,BDI,31/12/2020,0
Burundi,BDI,31/03/2021,0
Burundi,BDI,30/06/2021,0
Burundi,BDI,30/09/2021,0
Cambodia,KHM,31/03/2020,0
Cambodia,KHM,30/06/2020,0
Cambodia,KHM,30/09/2020,1
Cambodia,KHM,31/12/2020,0
Cambodia,KHM,31/03/2021,1
Cambodia,KHM,30/06/2021,3
Cambodia,KHM,30/09/2021,2
Cameroon,CMR,31/03/2020,0
Cameroon,CMR,30/06/2020,0
Cameroon,CMR,30/09/2020,0
Cameroon,CMR,31/12/2020,0
Cameroon,CMR,31/03/2021,0
Cameroon,CMR,30/06/2021,0
Cameroon,CMR,30/09/2021,0
Canada,CAN,31/03/2020,1
Canada,CAN,30/06/2020,1
Canada,CAN,30/09/2020,1
Canada,CAN,31/12/2020,1
Canada,CAN,31/03/2021,2
Canada,CAN,30/06/2021,1
Canada,CAN,30/09/2021,1
Cape Verde,CPV,31/03/2020,1
Cape Verde,CPV,30/06/2020,2
Cape Verde,CPV,30/09/2020,1
Cape Verde,CPV,31/12/2020,1
Cape Verde,CPV,31/03/2021,1
Cape Verde,CPV,30/06/2021,1
Cape Verde,CPV,30/09/2021,1
Central African Republic,CAF,31/03/2020,0
Central African Republic,CAF,30/06/2020,1
Central African Republic,CAF,30/09/2020,1
Central African Republic,CAF,31/12/2020,0
Central African Republic,CAF,31/03/2021,1
Central African Republic,CAF,30/06/2021,0
Central African Republic,CAF,30/09/2021,0
Chad,TCD,31/03/2020,0
Chad,TCD,30/06/2020,2
Chad,TCD,30/09/2020,2
Chad,TCD,31/12/2020,1
Chad,TCD,31/03/2021,0
Chad,TCD,30/06/2021,0
Chad,TCD,30/09/2021,0
Chile,CHL,31/03/2020,2
Chile,CHL,30/06/2020,3
Chile,CHL,30/09/2020,3
Chile,CHL,31/12/2020,3
Chile,CHL,31/03/2021,3
Chile,CHL,30/06/2021,3
Chile,CHL,30/09/2021,2
China,CHN,31/03/2020,3
China,CHN,30/06/2020,3
China,CHN,30/09/2020,0
China,CHN,31/12/2020,3
China,CHN,31/03/2021,1
China,CHN,30/06/2021,2
China,CHN,30/09/2021,3
Colombia,COL,31/03/2020,2
Colombia,COL,30/06/2020,2
Colombia,COL,30/09/2020,1
Colombia,COL,31/12/2020,1
Colombia,COL,31/03/2021,3
Colombia,COL,30/06/2021,2
Colombia,COL,30/09/2021,2
Congo,COG,31/03/2020,3
Congo,COG,30/06/2020,2
Congo,COG,30/09/2020,2
Congo,COG,31/12/2020,3
Congo,COG,31/03/2021,2
Congo,COG,30/06/2021,2
Congo,COG,30/09/2021,2
Costa Rica,CRI,31/03/2020,0
Costa Rica,CRI,30/06/2020,1
Costa Rica,CRI,30/09/2020,1
Costa Rica,CRI,31/12/2020,1
Costa Rica,CRI,31/03/2021,1
Costa Rica,CRI,30/06/2021,1
Costa Rica,CRI,30/09/2021,1
Cote d'Ivoire,CIV,31/03/2020,1
Cote d'Ivoire,CIV,30/06/2020,1
Cote d'Ivoire,CIV,30/09/2020,1
Cote d'Ivoire,CIV,31/12/2020,1
Cote d'Ivoire,CIV,31/03/2021,1
Cote d'Ivoire,CIV,30/06/2021,1
Cote d'Ivoire,CIV,30/09/2021,1
Croatia,HRV,31/03/2020,2
Croatia,HRV,30/06/2020,1
Croatia,HRV,30/09/2020,0
Croatia,HRV,31/12/2020,0
Croatia,HRV,31/03/2021,0
Croatia,HRV,30/06/2021,0
Croatia,HRV,30/09/2021,0
Cuba,CUB,31/03/2020,2
Cuba,CUB,30/06/2020,1
Cuba,CUB,30/09/2020,2
Cuba,CUB,31/12/2020,0
Cuba,CUB,31/03/2021,2
Cuba,CUB,30/06/2021,1
Cuba,CUB,30/09/2021,2
Cyprus,CYP,31/03/2020,2
Cyprus,CYP,30/06/2020,1
Cyprus,CYP,30/09/2020,1
Cyprus,CYP,31/12/2020,1
Cyprus,CYP,31/03/2021,2
Cyprus,CYP,30/06/2021,2
Cyprus,CYP,30/09/2021,0
Czechia,CZE,31/03/2020,2
Czechia,CZE,30/06/2020,0
Czechia,CZE,30/09/2020,0
Czechia,CZE,31/12/2020,2
Czechia,CZE,31/03/2021,2
Czechia,CZE,30/06/2021,0
Czechia,CZE,30/09/2021,0
Democratic Republic of Congo,COD,31/03/2020,0
Democratic Republic of Congo,COD,30/06/2020,2
Democratic Republic of Congo,COD,30/09/2020,1
Democratic Republic of Congo,COD,31/12/2020,2
Democratic Republic of Congo,COD,31/03/2021,1
Democratic Republic of Congo,COD,30/06/2021,2
Democratic Republic of Congo,COD,30/09/2021,2
Denmark,DNK,31/03/2020,1
Denmark,DNK,30/06/2020,1
Denmark,DNK,30/09/2020,1
Denmark,DNK,31/12/2020,1
Denmark,DNK,31/03/2021,1
Denmark,DNK,30/06/2021,0
Denmark,DNK,30/09/2021,0
Djibouti,DJI,31/03/2020,3
Djibouti,DJI,30/06/2020,0
Djibouti,DJI,30/09/2020,0
Djibouti,DJI,31/12/2020,0
Djibouti,DJI,31/03/2021,0
Djibouti,DJI,30/06/2021,0
Djibouti,DJI,30/09/2021,0
Dominica,DMA,31/03/2020,0
Dominica,DMA,30/06/2020,0
Dominica,DMA,30/09/2020,0
Dominica,DMA,31/12/2020,1
Dominica,DMA,31/03/2021,1
Dominica,DMA,30/06/2021,1
Dominica,DMA,30/09/2021,2
Dominican Republic,DOM,31/03/2020,1
Dominican Republic,DOM,30/06/2020,1
Dominican Republic,DOM,30/09/2020,2
Dominican Republic,DOM,31/12/2020,2
Dominican Republic,DOM,31/03/2021,2
Dominican Republic,DOM,30/06/2021,2
Dominican Republic,DOM,30/09/2021,2
Ecuador,ECU,31/03/2020,2
Ecuador,ECU,30/06/2020,2
Ecuador,ECU,30/09/2020,0
Ecuador,ECU,31/12/2020,2
Ecuador,ECU,31/03/2021,1
Ecuador,ECU,30/06/2021,1
Ecuador,ECU,30/09/2021,0
Egypt,EGY,31/03/2020,2
Egypt,EGY,30/06/2020,1
Egypt,EGY,30/09/2020,1
Egypt,EGY,31/12/2020,1
Egypt,EGY,31/03/2021,1
Egypt,EGY,30/06/2021,0
Egypt,EGY,30/09/2021,0
El Salvador,SLV,31/03/2020,3
El Salvador,SLV,30/06/2020,2
El Salvador,SLV,30/09/2020,2
El Salvador,SLV,31/12/2020,2
El Salvador,SLV,31/03/2021,0
El Salvador,SLV,30/06/2021,0
El Salvador,SLV,30/09/2021,1
Eritrea,ERI,31/03/2020,1
Eritrea,ERI,30/06/2020,2
Eritrea,ERI,30/09/2020,2
Eritrea,ERI,31/12/2020,2
Eritrea,ERI,31/03/2021,1
Eritrea,ERI,30/06/2021,1
Eritrea,ERI,30/09/2021,1
Estonia,EST,31/03/2020,2
Estonia,EST,30/06/2020,0
Estonia,EST,30/09/2020,0
Estonia,EST,31/12/2020,0
Estonia,EST,31/03/2021,1
Estonia,EST,30/06/2021,0
Estonia,EST,30/09/2021,0
Eswatini,SWZ,31/03/2020,2
Eswatini,SWZ,30/06/2020,2
Eswatini,SWZ,30/09/2020,1
Eswatini,SWZ,31/12/2020,1
Eswatini,SWZ,31/03/2021,2
Eswatini,SWZ,30/06/2021,2
Eswatini,SWZ,30/09/2021,2
Ethiopia,ETH,31/03/2020,0
Ethiopia,ETH,30/06/2020,1
Ethiopia,ETH,30/09/2020,1
Ethiopia,ETH,31/12/2020,0
Ethiopia,ETH,31/03/2021,0
Ethiopia,ETH,30/06/2021,0
Ethiopia,ETH,30/09/2021,0
Faeroe Islands,FRO,31/03/2020,0
Faeroe Islands,FRO,30/06/2020,0
Faeroe Islands,FRO,30/09/2020,0
Faeroe Islands,FRO,31/12/2020,0
Faeroe Islands,FRO,31/03/2021,1
Faeroe Islands,FRO,30/06/2021,1
Faeroe Islands,FRO,30/09/2021,0
Fiji,FJI,31/03/2020,2
Fiji,FJI,30/06/2020,2
Fiji,FJI,30/09/2020,2
Fiji,FJI,31/12/2020,2
Fiji,FJI,31/03/2021,2
Fiji,FJI,30/06/2021,2
Fiji,FJI,30/09/2021,2
Finland,FIN,31/03/2020,1
Finland,FIN,30/06/2020,0
Finland,FIN,30/09/2020,0
Finland,FIN,31/12/2020,1
Finland,FIN,31/03/2021,1
Finland,FIN,30/06/2021,1
Finland,FIN,30/09/2021,1
France,FRA,31/03/2020,2
France,FRA,30/06/2020,0
France,FRA,30/09/2020,0
France,FRA,31/12/2020,2
France,FRA,31/03/2021,2
France,FRA,30/06/2021,0
France,FRA,30/09/2021,0
Gabon,GAB,31/03/2020,2
Gabon,GAB,30/06/2020,2
Gabon,GAB,30/09/2020,2
Gabon,GAB,31/12/2020,2
Gabon,GAB,31/03/2021,2
Gabon,GAB,30/06/2021,2
Gabon,GAB,30/09/2021,2
Gambia,GMB,31/03/2020,1
Gambia,GMB,30/06/2020,1
Gambia,GMB,30/09/2020,2
Gambia,GMB,31/12/2020,0
Gambia,GMB,31/03/2021,0
Gambia,GMB,30/06/2021,0
Gambia,GMB,30/09/2021,0
Georgia,GEO,31/03/2020,3
Georgia,GEO,30/06/2020,1
Georgia,GEO,30/09/2020,1
Georgia,GEO,31/12/2020,3
Georgia,GEO,31/03/2021,2
Georgia,GEO,30/06/2021,0
Georgia,GEO,30/09/2021,0
Germany,DEU,31/03/2020,2
Germany,DEU,30/06/2020,0
Germany,DEU,30/09/2020,0
Germany,DEU,31/12/2020,2
Germany,DEU,31/03/2021,2
Germany,DEU,30/06/2021,1
Germany,DEU,30/09/2021,1
Ghana,GHA,31/03/2020,2
Ghana,GHA,30/06/2020,0
Ghana,GHA,30/09/2020,0
Ghana,GHA,31/12/2020,0
Ghana,GHA,31/03/2021,0
Ghana,GHA,30/06/2021,1
Ghana,GHA,30/09/2021,0
Greece,GRC,31/03/2020,2
Greece,GRC,30/06/2020,1
Greece,GRC,30/09/2020,1
Greece,GRC,31/12/2020,2
Greece,GRC,31/03/2021,2
Greece,GRC,30/06/2021,1
Greece,GRC,30/09/2021,2
Greenland,GRL,31/03/2020,1
Greenland,GRL,30/06/2020,0
Greenland,GRL,30/09/2020,0
Greenland,GRL,31/12/2020,0
Greenland,GRL,31/03/2021,0
Greenland,GRL,30/06/2021,1
Greenland,GRL,30/09/2021,0
Guam,GUM,31/03/2020,1
Guam,GUM,30/06/2020,1
Guam,GUM,30/09/2020,1
Guam,GUM,31/12/2020,1
Guam,GUM,31/03/2021,1
Guam,GUM,30/06/2021,0
Guam,GUM,30/09/2021,0
Guatemala,GTM,31/03/2020,2
Guatemala,GTM,30/06/2020,2
Guatemala,GTM,30/09/2020,2
Guatemala,GTM,31/12/2020,0
Guatemala,GTM,31/03/2021,0
Guatemala,GTM,30/06/2021,0
Guatemala,GTM,30/09/2021,2
Guinea,GIN,31/03/2020,2
Guinea,GIN,30/06/2020,2
Guinea,GIN,30/09/2020,2
Guinea,GIN,31/12/2020,2
Guinea,GIN,31/03/2021,2
Guinea,GIN,30/06/2021,2
Guinea,GIN,30/09/2021,2
Guyana,GUY,31/03/2020,1
Guyana,GUY,30/06/2020,1
Guyana,GUY,30/09/2020,2
Guyana,GUY,31/12/2020,2
Guyana,GUY,31/03/2021,2
Guyana,GUY,30/06/2021,2
Guyana,GUY,30/09/2021,2
Haiti,HTI,31/03/2020,2
Haiti,HTI,30/06/2020,2
Haiti,HTI,30/09/2020,2
Haiti,HTI,31/12/2020,0
Haiti,HTI,31/03/2021,2
Haiti,HTI,30/06/2021,2
Haiti,HTI,30/09/2021,2
Honduras,HND,31/03/2020,3
Honduras,HND,30/06/2020,3
Honduras,HND,30/09/2020,2
Honduras,HND,31/12/2020,2
Honduras,HND,31/03/2021,2
Honduras,HND,30/06/2021,1
Honduras,HND,30/09/2021,2
Hong Kong,HKG,31/03/2020,1
Hong Kong,HKG,30/06/2020,1
Hong Kong,HKG,30/09/2020,0
Hong Kong,HKG,31/12/2020,1
Hong Kong,HKG,31/03/2021,1
Hong Kong,HKG,30/06/2021,1
Hong Kong,HKG,30/09/2021,1
Hungary,HUN,31/03/2020,2
Hungary,HUN,30/06/2020,1
Hungary,HUN,30/09/2020,0
Hungary,HUN,31/12/2020,2
Hungary,HUN,31/03/2021,2
Hungary,HUN,30/06/2021,0
Hungary,HUN,30/09/2021,0
Iceland,ISL,31/03/2020,0
Iceland,ISL,30/06/2020,0
Iceland,ISL,30/09/2020,0
Iceland,ISL,31/12/2020,0
Iceland,ISL,31/03/2021,0
Iceland,ISL,30/06/2021,0
Iceland,ISL,30/09/2021,0
India,IND,31/03/2020,3
India,IND,30/06/2020,2
India,IND,30/09/2020,2
India,IND,31/12/2020,2
India,IND,31/03/2021,3
India,IND,30/06/2021,3
India,IND,30/09/2021,2
Indonesia,IDN,31/03/2020,0
Indonesia,IDN,30/06/2020,2
Indonesia,IDN,30/09/2020,2
Indonesia,IDN,31/12/2020,2
Indonesia,IDN,31/03/2021,2
Indonesia,IDN,30/06/2021,2
Indonesia,IDN,30/09/2021,2
Iran,IRN,31/03/2020,1
Iran,IRN,30/06/2020,1
Iran,IRN,30/09/2020,1
Iran,IRN,31/12/2020,2
Iran,IRN,31/03/2021,2
Iran,IRN,30/06/2021,2
Iran,IRN,30/09/2021,2
Iraq,IRQ,31/03/2020,2
Iraq,IRQ,30/06/2020,2
Iraq,IRQ,30/09/2020,1
Iraq,IRQ,31/12/2020,1
Iraq,IRQ,31/03/2021,2
Iraq,IRQ,30/06/2021,2
Iraq,IRQ,30/09/2021,2
Ireland,IRL,31/03/2020,2
Ireland,IRL,30/06/2020,0
Ireland,IRL,30/09/2020,1
Ireland,IRL,31/12/2020,1
Ireland,IRL,31/03/2021,2
Ireland,IRL,30/06/2021,1
Ireland,IRL,30/09/2021,1
Israel,ISR,31/03/2020,2
Israel,ISR,30/06/2020,2
Israel,ISR,30/09/2020,2
Israel,ISR,31/12/2020,2
Israel,ISR,31/03/2021,0
Israel,ISR,30/06/2021,0
Israel,ISR,30/09/2021,0
Italy,ITA,31/03/2020,2
Italy,ITA,30/06/2020,2
Italy,ITA,30/09/2020,2
Italy,ITA,31/12/2020,2
Italy,ITA,31/03/2021,2
Italy,ITA,30/06/2021,2
Italy,ITA,30/09/2021,2
Jamaica,JAM,31/03/2020,1
Jamaica,JAM,30/06/2020,2
Jamaica,JAM,30/09/2020,2
Jamaica,JAM,31/12/2020,2
Jamaica,JAM,31/03/2021,2
Jamaica,JAM,30/06/2021,2
Jamaica,JAM,30/09/2021,3
Japan,JPN,31/03/2020,0
Japan,JPN,30/06/2020,0
Japan,JPN,30/09/2020,1
Japan,JPN,31/12/2020,1
Japan,JPN,31/03/2021,1
Japan,JPN,30/06/2021,1
Japan,JPN,30/09/2021,1
Jordan,JOR,31/03/2020,3
Jordan,JOR,30/06/2020,1
Jordan,JOR,30/09/2020,2
Jordan,JOR,31/12/2020,2
Jordan,JOR,31/03/2021,2
Jordan,JOR,30/06/2021,2
Jordan,JOR,30/09/2021,0
Kazakhstan,KAZ,31/03/2020,3
Kazakhstan,KAZ,30/06/2020,2
Kazakhstan,KAZ,30/09/2020,2
Kazakhstan,KAZ,31/12/2020,1
Kazakhstan,KAZ,31/03/2021,1
Kazakhstan,KAZ,30/06/2021,0
Kazakhstan,KAZ,30/09/2021,2
Kenya,KEN,31/03/2020,2
Kenya,KEN,30/06/2020,3
Kenya,KEN,30/09/2020,2
Kenya,KEN,31/12/2020,2
Kenya,KEN,31/03/2021,2
Kenya,KEN,30/06/2021,2
Kenya,KEN,30/09/2021,2
Kiribati,KIR,31/03/2020,0
Kiribati,KIR,30/06/2020,0
Kiribati,KIR,30/09/2020,0
Kiribati,KIR,31/12/2020,0
Kiribati,KIR,31/03/2021,0
Kiribati,KIR,30/06/2021,0
Kiribati,KIR,30/09/2021,2
Kosovo,KOS,31/03/2020,2
Kosovo,KOS,30/06/2020,2
Kosovo,KOS,30/09/2020,0
Kosovo,KOS,31/12/2020,2
Kosovo,KOS,31/03/2021,1
Kosovo,KOS,30/06/2021,0
Kosovo,KOS,30/09/2021,2
Kuwait,KWT,31/03/2020,2
Kuwait,KWT,30/06/2020,2
Kuwait,KWT,30/09/2020,1
Kuwait,KWT,31/12/2020,1
Kuwait,KWT,31/03/2021,2
Kuwait,KWT,30/06/2021,0
Kuwait,KWT,30/09/2021,0
Kyrgyzstan,KGZ,31/03/2020,3
Kyrgyzstan,KGZ,30/06/2020,2
Kyrgyzstan,KGZ,30/09/2020,2
Kyrgyzstan,KGZ,31/12/2020,1
Kyrgyzstan,KGZ,31/03/2021,0
Kyrgyzstan,KGZ,30/06/2021,0
Kyrgyzstan,KGZ,30/09/2021,0
Laos,LAO,31/03/2020,2
Laos,LAO,30/06/2020,0
Laos,LAO,30/09/2020,0
Laos,LAO,31/12/2020,0
Laos,LAO,31/03/2021,0
Laos,LAO,30/06/2021,1
Laos,LAO,30/09/2021,2
Latvia,LVA,31/03/2020,1
Latvia,LVA,30/06/2020,1
Latvia,LVA,30/09/2020,1
Latvia,LVA,31/12/2020,1
Latvia,LVA,31/03/2021,0
Latvia,LVA,30/06/2021,0
Latvia,LVA,30/09/2021,0
Lebanon,LBN,31/03/2020,2
Lebanon,LBN,30/06/2020,1
Lebanon,LBN,30/09/2020,2
Lebanon,LBN,31/12/2020,2
Lebanon,LBN,31/03/2021,2
Lebanon,LBN,30/06/2021,2
Lebanon,LBN,30/09/2021,0
Lesotho,LSO,31/03/2020,2
Lesotho,LSO,30/06/2020,1
Lesotho,LSO,30/09/2020,1
Lesotho,LSO,31/12/2020,1
Lesotho,LSO,31/03/2021,2
Lesotho,LSO,30/06/2021,2
Lesotho,LSO,30/09/2021,2
Liberia,LBR,31/03/2020,2
Liberia,LBR,30/06/2020,2
Liberia,LBR,30/09/2020,1
Liberia,LBR,31/12/2020,0
Liberia,LBR,31/03/2021,0
Liberia,LBR,30/06/2021,1
Liberia,LBR,30/09/2021,0
Libya,LBY,31/03/2020,3
Libya,LBY,30/06/2020,2
Libya,LBY,30/09/2020,2
Libya,LBY,31/12/2020,2
Libya,LBY,31/03/2021,2
Libya,LBY,30/06/2021,2
Libya,LBY,30/09/2021,0
Liechtenstein,LIE,31/03/2020,1
Liechtenstein,LIE,30/06/2020,0
Liechtenstein,LIE,30/09/2020,0
Liechtenstein,LIE,31/12/2020,1
Liechtenstein,LIE,31/03/2021,1
Liechtenstein,LIE,30/06/2021,1
Liechtenstein,LIE,30/09/2021,1
Lithuania,LTU,31/03/2020,1
Lithuania,LTU,30/06/2020,0
Lithuania,LTU,30/09/2020,1
Lithuania,LTU,31/12/2020,2
Lithuania,LTU,31/03/2021,2
Lithuania,LTU,30/06/2021,0
Lithuania,LTU,30/09/2021,0
Luxembourg,LUX,31/03/2020,2
Luxembourg,LUX,30/06/2020,1
Luxembourg,LUX,30/09/2020,1
Luxembourg,LUX,31/12/2020,2
Luxembourg,LUX,31/03/2021,2
Luxembourg,LUX,30/06/2021,1
Luxembourg,LUX,30/09/2021,0
Macao,MAC,31/03/2020,0
Macao,MAC,30/06/2020,0
Macao,MAC,30/09/2020,0
Macao,MAC,31/12/2020,0
Macao,MAC,31/03/2021,0
Macao,MAC,30/06/2021,0
Macao,MAC,30/09/2021,0
Madagascar,MDG,31/03/2020,3
Madagascar,MDG,30/06/2020,2
Madagascar,MDG,30/09/2020,1
Madagascar,MDG,31/12/2020,0
Madagascar,MDG,31/03/2021,0
Madagascar,MDG,30/06/2021,2
Madagascar,MDG,30/09/2021,2
Malawi,MWI,31/03/2020,0
Malawi,MWI,30/06/2020,1
Malawi,MWI,30/09/2020,1
Malawi,MWI,31/12/2020,0
Malawi,MWI,31/03/2021,2
Malawi,MWI,30/06/2021,0
Malawi,MWI,30/09/2021,0
Malaysia,MYS,31/03/2020,3
Malaysia,MYS,30/06/2020,0
Malaysia,MYS,30/09/2020,0
Malaysia,MYS,31/12/2020,2
Malaysia,MYS,31/03/2021,2
Malaysia,MYS,30/06/2021,2
Malaysia,MYS,30/09/2021,1
Mali,MLI,31/03/2020,1
Mali,MLI,30/06/2020,0
Mali,MLI,30/09/2020,0
Mali,MLI,31/12/2020,0
Mali,MLI,31/03/2021,1
Mali,MLI,30/06/2021,1
Mali,MLI,30/09/2021,0
Malta,MLT,31/03/2020,2
Malta,MLT,30/06/2020,0
Malta,MLT,30/09/2020,0
Malta,MLT,31/12/2020,0
Malta,MLT,31/03/2021,0
Malta,MLT,30/06/2021,0
Malta,MLT,30/09/2021,0
Mauritania,MRT,31/03/2020,2
Mauritania,MRT,30/06/2020,2
Mauritania,MRT,30/09/2020,0
Mauritania,MRT,31/12/2020,2
Mauritania,MRT,31/03/2021,1
Mauritania,MRT,30/06/2021,1
Mauritania,MRT,30/09/2021,2
Mauritius,MUS,31/03/2020,2
Mauritius,MUS,30/06/2020,0
Mauritius,MUS,30/09/2020,0
Mauritius,MUS,31/12/2020,0
Mauritius,MUS,31/03/2021,2
Mauritius,MUS,30/06/2021,0
Mauritius,MUS,30/09/2021,0
Mexico,MEX,31/03/2020,2
Mexico,MEX,30/06/2020,2
Mexico,MEX,30/09/2020,2
Mexico,MEX,31/12/2020,2
Mexico,MEX,31/03/2021,1
Mexico,MEX,30/06/2021,1
Mexico,MEX,30/09/2021,1
Moldova,MDA,31/03/2020,2
Moldova,MDA,30/06/2020,1
Moldova,MDA,30/09/2020,0
Moldova,MDA,31/12/2020,1
Moldova,MDA,31/03/2021,2
Moldova,MDA,30/06/2021,2
Moldova,MDA,30/09/2021,0
Monaco,MCO,31/03/2020,2
Monaco,MCO,30/06/2020,1
Monaco,MCO,30/09/2020,1
Monaco,MCO,31/12/2020,2
Monaco,MCO,31/03/2021,2
Monaco,MCO,30/06/2021,0
Monaco,MCO,30/09/2021,0
Mongolia,MNG,31/03/2020,1
Mongolia,MNG,30/06/2020,0
Mongolia,MNG,30/09/2020,0
Mongolia,MNG,31/12/2020,2
Mongolia,MNG,31/03/2021,2
Mongolia,MNG,30/06/2021,1
Mongolia,MNG,30/09/2021,1
Morocco,MAR,31/03/2020,2
Morocco,MAR,30/06/2020,0
Morocco,MAR,30/09/2020,2
Morocco,MAR,31/12/2020,2
Morocco,MAR,31/03/2021,2
Morocco,MAR,30/06/2021,2
Morocco,MAR,30/09/2021,2
Mozambique,MOZ,31/03/2020,0
Mozambique,MOZ,30/06/2020,1
Mozambique,MOZ,30/09/2020,1
Mozambique,MOZ,31/12/2020,0
Mozambique,MOZ,31/03/2021,3
Mozambique,MOZ,30/06/2021,2
Mozambique,MOZ,30/09/2021,2
Myanmar,MMR,31/03/2020,0
Myanmar,MMR,30/06/2020,2
Myanmar,MMR,30/09/2020,3
Myanmar,MMR,31/12/2020,2
Myanmar,MMR,31/03/2021,2
Myanmar,MMR,30/06/2021,2
Myanmar,MMR,30/09/2021,2
Namibia,NAM,31/03/2020,2
Namibia,NAM,30/06/2020,1
Namibia,NAM,30/09/2020,2
Namibia,NAM,31/12/2020,2
Namibia,NAM,31/03/2021,2
Namibia,NAM,30/06/2021,2
Namibia,NAM,30/09/2021,2
Nepal,NPL,31/03/2020,2
Nepal,NPL,30/06/2020,2
Nepal,NPL,30/09/2020,2
Nepal,NPL,31/12/2020,1
Nepal,NPL,31/03/2021,0
Nepal,NPL,30/06/2021,1
Nepal,NPL,30/09/2021,1
Netherlands,NLD,31/03/2020,2
Netherlands,NLD,30/06/2020,1
Netherlands,NLD,30/09/2020,1
Netherlands,NLD,31/12/2020,1
Netherlands,NLD,31/03/2021,2
Netherlands,NLD,30/06/2021,0
Netherlands,NLD,30/09/2021,0
New Zealand,NZL,31/03/2020,2
New Zealand,NZL,30/06/2020,0
New Zealand,NZL,30/09/2020,0
New Zealand,NZL,31/12/2020,0
New Zealand,NZL,31/03/2021,0
New Zealand,NZL,30/06/2021,0
New Zealand,NZL,30/09/2021,2
Nicaragua,NIC,31/03/2020,0
Nicaragua,NIC,30/06/2020,0
Nicaragua,NIC,30/09/2020,0
Nicaragua,NIC,31/12/2020,0
Nicaragua,NIC,31/03/2021,0
Nicaragua,NIC,30/06/2021,0
Nicaragua,NIC,30/09/2021,0
Niger,NER,31/03/2020,0
Niger,NER,30/06/2020,0
Niger,NER,30/09/2020,0
Niger,NER,31/12/2020,0
Niger,NER,31/03/2021,0
Niger,NER,30/06/2021,0
Niger,NER,30/09/2021,0
Nigeria,NGA,31/03/2020,2
Nigeria,NGA,30/06/2020,2
Nigeria,NGA,30/09/2020,2
Nigeria,NGA,31/12/2020,2
Nigeria,NGA,31/03/2021,2
Nigeria,NGA,30/06/2021,2
Nigeria,NGA,30/09/2021,1
Norway,NOR,31/03/2020,0
Norway,NOR,30/06/2020,0
Norway,NOR,30/09/2020,0
Norway,NOR,31/12/2020,1
Norway,NOR,31/03/2021,1
Norway,NOR,30/06/2021,1
Norway,NOR,30/09/2021,0
Oman,OMN,31/03/2020,0
Oman,OMN,30/06/2020,2
Oman,OMN,30/09/2020,3
Oman,OMN,31/12/2020,0
Oman,OMN,31/03/2021,2
Oman,OMN,30/06/2021,2
Oman,OMN,30/09/2021,1
Pakistan,PAK,31/03/2020,2
Pakistan,PAK,30/06/2020,2
Pakistan,PAK,30/09/2020,1
Pakistan,PAK,31/12/2020,3
Pakistan,PAK,31/03/2021,3
Pakistan,PAK,30/06/2021,1
Pakistan,PAK,30/09/2021,1
Palestine,PSE,31/03/2020,2
Palestine,PSE,30/06/2020,2
Palestine,PSE,30/09/2020,2
Palestine,PSE,31/12/2020,3
Palestine,PSE,31/03/2021,2
Palestine,PSE,30/06/2021,2
Palestine,PSE,30/09/2021,0
Panama,PAN,31/03/2020,2
Panama,PAN,30/06/2020,3
Panama,PAN,30/09/2020,2
Panama,PAN,31/12/2020,3
Panama,PAN,31/03/2021,2
Panama,PAN,30/06/2021,2
Panama,PAN,30/09/2021,3
Papua New Guinea,PNG,31/03/2020,0
Papua New Guinea,PNG,30/06/2020,0
Papua New Guinea,PNG,30/09/2020,1
Papua New Guinea,PNG,31/12/2020,0
Papua New Guinea,PNG,31/03/2021,2
Papua New Guinea,PNG,30/06/2021,1
Papua New Guinea,PNG,30/09/2021,0
Paraguay,PRY,31/03/2020,2
Paraguay,PRY,30/06/2020,2
Paraguay,PRY,30/09/2020,2
Paraguay,PRY,31/12/2020,2
Paraguay,PRY,31/03/2021,2
Paraguay,PRY,30/06/2021,2
Paraguay,PRY,30/09/2021,0
Peru,PER,31/03/2020,3
Peru,PER,30/06/2020,2
Peru,PER,30/09/2020,2
Peru,PER,31/12/2020,2
Peru,PER,31/03/2021,3
Peru,PER,30/06/2021,3
Peru,PER,30/09/2021,2
Philippines,PHL,31/03/2020,3
Philippines,PHL,30/06/2020,3
Philippines,PHL,30/09/2020,1
Philippines,PHL,31/12/2020,2
Philippines,PHL,31/03/2021,2
Philippines,PHL,30/06/2021,2
Philippines,PHL,30/09/2021,2
Poland,POL,31/03/2020,2
Poland,POL,30/06/2020,0
Poland,POL,30/09/2020,0
Poland,POL,31/12/2020,1
Poland,POL,31/03/2021,1
Poland,POL,30/06/2021,1
Poland,POL,30/09/2021,1
Portugal,PRT,31/03/2020,2
Portugal,PRT,30/06/2020,0
Portugal,PRT,30/09/2020,0
Portugal,PRT,31/12/2020,2
Portugal,PRT,31/03/2021,2
Portugal,PRT,30/06/2021,1
Portugal,PRT,30/09/2021,0
Puerto Rico,PRI,31/03/2020,2
Puerto Rico,PRI,30/06/2020,1
Puerto Rico,PRI,30/09/2020,2
Puerto Rico,PRI,31/12/2020,2
Puerto Rico,PRI,31/03/2021,2
Puerto Rico,PRI,30/06/2021,0
Puerto Rico,PRI,30/09/2021,0
Qatar,QAT,31/03/2020,1
Qatar,QAT,30/06/2020,1
Qatar,QAT,30/09/2020,1
Qatar,QAT,31/12/2020,1
Qatar,QAT,31/03/2021,1
Qatar,QAT,30/06/2021,1
Qatar,QAT,30/09/2021,1
Romania,ROU,31/03/2020,2
Romania,ROU,30/06/2020,0
Romania,ROU,30/09/2020,1
Romania,ROU,31/12/2020,2
Romania,ROU,31/03/2021,2
Romania,ROU,30/06/2021,0
Romania,ROU,30/09/2021,1
Russia,RUS,31/03/2020,3
Russia,RUS,30/06/2020,0
Russia,RUS,30/09/2020,1
Russia,RUS,31/12/2020,1
Russia,RUS,31/03/2021,0
Russia,RUS,30/06/2021,1
Russia,RUS,30/09/2021,0
Rwanda,RWA,31/03/2020,2
Rwanda,RWA,30/06/2020,3
Rwanda,RWA,30/09/2020,2
Rwanda,RWA,31/12/2020,2
Rwanda,RWA,31/03/2021,2
Rwanda,RWA,30/06/2021,2
Rwanda,RWA,30/09/2021,2
San Marino,SMR,31/03/2020,1
San Marino,SMR,30/06/2020,0
San Marino,SMR,30/09/2020,0
San Marino,SMR,31/12/2020,2
San Marino,SMR,31/03/2021,2
San Marino,SMR,30/06/2021,1
San Marino,SMR,30/09/2021,1
Saudi Arabia,SAU,31/03/2020,2
Saudi Arabia,SAU,30/06/2020,1
Saudi Arabia,SAU,30/09/2020,1
Saudi Arabia,SAU,31/12/2020,0
Saudi Arabia,SAU,31/03/2021,0
Saudi Arabia,SAU,30/06/2021,0
Saudi Arabia,SAU,30/09/2021,0
Senegal,SEN,31/03/2020,3
Senegal,SEN,30/06/2020,0
Senegal,SEN,30/09/2020,0
Senegal,SEN,31/12/2020,0
Senegal,SEN,31/03/2021,0
Senegal,SEN,30/06/2021,0
Serbia,SRB,31/03/2020,3
Serbia,SRB,30/06/2020,1
Serbia,SRB,30/09/2020,1
Serbia,SRB,31/12/2020,1
Serbia,SRB,31/03/2021,1
Serbia,SRB,30/06/2021,0
Serbia,SRB,30/09/2021,1
Seychelles,SYC,31/03/2020,0
Seychelles,SYC,30/06/2020,0
Seychelles,SYC,30/09/2020,0
Seychelles,SYC,31/12/2020,0
Seychelles,SYC,31/03/2021,1
Seychelles,SYC,30/06/2021,1
Seychelles,SYC,30/09/2021,2
Sierra Leone,SLE,31/03/2020,0
Sierra Leone,SLE,30/06/2020,1
Sierra Leone,SLE,30/09/2020,0
Sierra Leone,SLE,31/12/2020,0
Sierra Leone,SLE,31/03/2021,1
Sierra Leone,SLE,30/06/2021,1
Sierra Leone,SLE,30/09/2021,0
Singapore,SGP,31/03/2020,0
Singapore,SGP,30/06/2020,1
Singapore,SGP,30/09/2020,1
Singapore,SGP,31/12/2020,1
Singapore,SGP,31/03/2021,1
Singapore,SGP,30/06/2021,1
Singapore,SGP,30/09/2021,1
Slovakia,SVK,31/03/2020,1
Slovakia,SVK,30/06/2020,0
Slovakia,SVK,30/09/2020,0
Slovakia,SVK,31/12/2020,2
Slovakia,SVK,31/03/2021,2
Slovakia,SVK,30/06/2021,0
Slovakia,SVK,30/09/2021,0
Slovenia,SVN,31/03/2020,1
Slovenia,SVN,30/06/2020,0
Slovenia,SVN,30/09/2020,0
Slovenia,SVN,31/12/2020,2
Slovenia,SVN,31/03/2021,2
Slovenia,SVN,30/09/2021,0
Solomon Islands,SLB,31/03/2020,0
Solomon Islands,SLB,30/06/2020,0
Solomon Islands,SLB,30/09/2020,0
Solomon Islands,SLB,31/12/2020,0
Solomon Islands,SLB,31/03/2021,0
Solomon Islands,SLB,30/06/2021,0
Solomon Islands,SLB,30/09/2021,0
Somalia,SOM,31/03/2020,0
Somalia,SOM,30/06/2020,1
Somalia,SOM,30/09/2020,2
Somalia,SOM,31/12/2020,1
Somalia,SOM,31/03/2021,1
Somalia,SOM,30/06/2021,1
Somalia,SOM,30/09/2021,1
South Africa,ZAF,31/03/2020,2
South Africa,ZAF,30/06/2020,1
South Africa,ZAF,30/09/2020,2
South Africa,ZAF,31/12/2020,2
South Africa,ZAF,31/03/2021,2
South Africa,ZAF,30/06/2021,2
South Africa,ZAF,30/09/2021,2
South Korea,KOR,31/03/2020,2
South Korea,KOR,30/06/2020,1
South Korea,KOR,30/09/2020,1
South Korea,KOR,31/12/2020,1
South Korea,KOR,31/03/2021,1
South Korea,KOR,30/06/2021,1
South Korea,KOR,30/09/2021,0
South Sudan,SSD,31/03/2020,1
South Sudan,SSD,30/06/2020,2
South Sudan,SSD,30/09/2020,1
South Sudan,SSD,31/12/2020,1
South Sudan,SSD,31/03/2021,2
South Sudan,SSD,30/06/2021,0
South Sudan,SSD,30/09/2021,0
Spain,ESP,31/03/2020,2
Spain,ESP,30/06/2020,0
Spain,ESP,30/09/2020,1
Spain,ESP,31/12/2020,2
Spain,ESP,31/03/2021,2
Spain,ESP,30/06/2021,1
Spain,ESP,30/09/2021,0
Sri Lanka,LKA,31/03/2020,3
Sri Lanka,LKA,30/06/2020,1
Sri Lanka,LKA,30/09/2020,1
Sri Lanka,LKA,31/12/2020,3
Sri Lanka,LKA,31/03/2021,3
Sri Lanka,LKA,30/06/2021,2
Sri Lanka,LKA,30/09/2021,2
Sudan,SDN,31/03/2020,1
Sudan,SDN,30/06/2020,2
Sudan,SDN,30/09/2020,0
Sudan,SDN,31/12/2020,0
Sudan,SDN,31/03/2021,0
Sudan,SDN,30/06/2021,0
Sudan,SDN,30/09/2021,0
Suriname,SUR,31/03/2020,2
Suriname,SUR,30/06/2020,2
Suriname,SUR,30/09/2020,2
Suriname,SUR,31/12/2020,2
Suriname,SUR,31/03/2021,2
Suriname,SUR,30/06/2021,2
Suriname,SUR,30/09/2021,2
Sweden,SWE,31/03/2020,1
Sweden,SWE,30/06/2020,1
Sweden,SWE,30/09/2020,1
Sweden,SWE,31/12/2020,1
Sweden,SWE,31/03/2021,1
Sweden,SWE,30/06/2021,1
Sweden,SWE,30/09/2021,0
Switzerland,CHE,31/03/2020,1
Switzerland,CHE,30/06/2020,0
Switzerland,CHE,30/09/2020,0
Switzerland,CHE,31/12/2020,1
Switzerland,CHE,31/03/2021,1
Switzerland,CHE,30/06/2021,0
Switzerland,CHE,30/09/2021,0
Syria,SYR,31/03/2020,2
Syria,SYR,30/06/2020,1
Syria,SYR,30/09/2020,0
Syria,SYR,31/12/2020,0
Syria,SYR,31/03/2021,0
Syria,SYR,30/06/2021,0
Syria,SYR,30/09/2021,0
Taiwan,TWN,31/03/2020,0
Taiwan,TWN,30/06/2020,0
Taiwan,TWN,30/09/2020,0
Taiwan,TWN,31/12/2020,0
Taiwan,TWN,31/03/2021,0
Taiwan,TWN,30/06/2021,2
Taiwan,TWN,30/09/2021,0
Tajikistan,TJK,31/03/2020,0
Tajikistan,TJK,30/06/2020,0
Tajikistan,TJK,30/09/2020,0
Tajikistan,TJK,31/12/2020,0
Tajikistan,TJK,31/03/2021,0
Tajikistan,TJK,30/06/2021,0
Tajikistan,TJK,30/09/2021,0
Tanzania,TZA,31/03/2020,0
Tanzania,TZA,30/06/2020,0
Tanzania,TZA,30/09/2020,0
Tanzania,TZA,31/12/2020,0
Tanzania,TZA,31/03/2021,0
Tanzania,TZA,30/06/2021,0
Tanzania,TZA,30/09/2021,0
Thailand,THA,31/03/2020,1
Thailand,THA,30/06/2020,1
Thailand,THA,30/09/2020,1
Thailand,THA,31/12/2020,1
Thailand,THA,31/03/2021,1
Thailand,THA,30/06/2021,1
Thailand,THA,30/09/2021,2
Timor,TLS,31/03/2020,1
Timor,TLS,30/06/2020,0
Timor,TLS,30/09/2020,0
Timor,TLS,31/12/2020,2
Timor,TLS,31/03/2021,2
Timor,TLS,30/06/2021,2
Timor,TLS,30/09/2021,1
Togo,TGO,31/03/2020,1
Togo,TGO,30/06/2020,0
Togo,TGO,30/09/2020,1
Togo,TGO,31/12/2020,2
Togo,TGO,31/03/2021,1
Togo,TGO,30/06/2021,1
Togo,TGO,30/09/2021,0
Tonga,TON,31/03/2020,2
Tonga,TON,30/06/2020,2
Tonga,TON,30/09/2020,2
Tonga,TON,31/12/2020,2
Tonga,TON,31/03/2021,2
Tonga,TON,30/06/2021,2
Tonga,TON,30/09/2021,2
Trinidad and Tobago,TTO,31/03/2020,2
Trinidad and Tobago,TTO,30/06/2020,0
Trinidad and Tobago,TTO,30/09/2020,1
Trinidad and Tobago,TTO,31/12/2020,0
Trinidad and Tobago,TTO,31/03/2021,0
Trinidad and Tobago,TTO,30/06/2021,2
Trinidad and Tobago,TTO,30/09/2021,2
Tunisia,TUN,31/03/2020,2
Tunisia,TUN,30/06/2020,0
Tunisia,TUN,30/09/2020,0
Tunisia,TUN,31/12/2020,2
Tunisia,TUN,31/03/2021,2
Tunisia,TUN,30/06/2021,2
Tunisia,TUN,30/09/2021,1
Turkey,TUR,31/03/2020,2
Turkey,TUR,30/06/2020,2
Turkey,TUR,30/09/2020,1
Turkey,TUR,31/12/2020,3
Turkey,TUR,31/03/2021,2
Turkey,TUR,30/06/2021,1
Turkey,TUR,30/09/2021,0
Turkmenistan,TKM,31/03/2020,0
Turkmenistan,TKM,30/06/2020,0
Turkmenistan,TKM,30/09/2020,0
Turkmenistan,TKM,31/12/2020,0
Turkmenistan,TKM,31/03/2021,0
Turkmenistan,TKM,30/06/2021,0
Turkmenistan,TKM,30/09/2021,0
Uganda,UGA,31/03/2020,2
Uganda,UGA,30/06/2020,2
Uganda,UGA,30/09/2020,2
Uganda,UGA,31/12/2020,2
Uganda,UGA,31/03/2021,2
Uganda,UGA,30/06/2021,2
Uganda,UGA,30/09/2021,2
Ukraine,UKR,31/03/2020,1
Ukraine,UKR,30/06/2020,1
Ukraine,UKR,30/09/2020,1
Ukraine,UKR,31/12/2020,1
Ukraine,UKR,31/03/2021,1
Ukraine,UKR,30/06/2021,0
Ukraine,UKR,30/09/2021,0
United Arab Emirates,ARE,31/03/2020,2
United Arab Emirates,ARE,30/06/2020,0
United Arab Emirates,ARE,30/09/2020,0
United Arab Emirates,ARE,31/12/2020,0
United Arab Emirates,ARE,31/03/2021,0
United Arab Emirates,ARE,30/06/2021,0
United Arab Emirates,ARE,30/09/2021,0
United Kingdom,UK,31/03/2020,2
United Kingdom,UK,30/06/2020,1
United Kingdom,UK,30/09/2020,1
United Kingdom,UK,31/12/2020,2
United Kingdom,UK,31/03/2021,2
United Kingdom,UK,30/06/2021,0
United Kingdom,UK,30/09/2021,0
United States,USA,31/03/2020,2
United States,USA,30/06/2020,2
United States,USA,30/09/2020,1
United States,USA,31/12/2020,2
United States,USA,31/03/2021,1
United States,USA,30/06/2021,1
United States,USA,30/09/2021,1
United States Virgin Islands,VIR,31/03/2020,2
United States Virgin Islands,VIR,30/06/2020,0
United States Virgin Islands,VIR,30/09/2020,1
United States Virgin Islands,VIR,31/12/2020,1
United States Virgin Islands,VIR,31/03/2021,1
United States Virgin Islands,VIR,30/06/2021,0
United States Virgin Islands,VIR,30/09/2021,2
Uruguay,URY,31/03/2020,1
Uruguay,URY,30/06/2020,1
Uruguay,URY,30/09/2020,0
Uruguay,URY,31/12/2020,1
Uruguay,URY,31/03/2021,1
Uruguay,URY,30/06/2021,1
Uruguay,URY,30/09/2021,1
Uzbekistan,UZB,31/03/2020,2
Uzbekistan,UZB,30/06/2020,2
Uzbekistan,UZB,30/09/2020,1
Uzbekistan,UZB,31/12/2020,1
Uzbekistan,UZB,31/03/2021,0
Uzbekistan,UZB,30/06/2021,0
Uzbekistan,UZB,30/09/2021,0
Vanuatu,VUT,31/03/2020,1
Vanuatu,VUT,30/06/2020,1
Vanuatu,VUT,30/09/2020,0
Vanuatu,VUT,31/12/2020,0
Vanuatu,VUT,31/03/2021,0
Vanuatu,VUT,30/06/2021,0
Vanuatu,VUT,30/09/2021,0
Venezuela,VEN,31/03/2020,2
Venezuela,VEN,30/06/2020,2
Venezuela,VEN,30/09/2020,2
Venezuela,VEN,31/12/2020,2
Venezuela,VEN,31/03/2021,2
Venezuela,VEN,30/06/2021,2
Venezuela,VEN,30/09/2021,2
Vietnam,VNM,31/03/2020,0
Vietnam,VNM,30/06/2020,0
Vietnam,VNM,30/09/2020,2
Vietnam,VNM,31/12/2020,2
Vietnam,VNM,31/03/2021,1
Vietnam,VNM,30/06/2021,2
Vietnam,VNM,30/09/2021,0
Yemen,YEM,31/03/2020,1
Yemen,YEM,30/06/2020,2
Yemen,YEM,30/09/2020,2
Yemen,YEM,31/12/2020,2
Yemen,YEM,31/03/2021,2
Yemen,YEM,30/06/2021,2
Yemen,YEM,30/09/2021,0
Zambia,ZMB,31/03/2020,0
Zambia,ZMB,30/06/2020,0
Zambia,ZMB,30/09/2020,1
Zambia,ZMB,31/12/2020,1
Zambia,ZMB,31/03/2021,0
Zambia,ZMB,30/06/2021,0
Zambia,ZMB,30/09/2021,0
Zimbabwe,ZWE,31/03/2020,2
Zimbabwe,ZWE,30/06/2020,1
Zimbabwe,ZWE,30/09/2020,2
Zimbabwe,ZWE,31/12/2020,2
Zimbabwe,ZWE,31/03/2021,2
Zimbabwe,ZWE,30/06/2021,2
Zimbabwe,ZWE,30/09/2021,1
